text,sentiment
"The item looks completely different from the pictures. Overall, I am disappointed.",negative
This product is useful and works very well. I would buy it again.,positive
I had a terrible shopping experience. I am unhappy with the result.,negative
I am extremely satisfied with the quality. The whole process was smooth.,positive
This is a great product for the price. It was a good experience.,positive
This product is not worth the money. I am unhappy with the result.,negative
I am very disappointed with my purchase. The service was also poor.,negative
I had a wonderful shopping experience. It was a good experience.,positive
The service was professional and helpful. It worked better than expected.,positive
I hate this product and regret buying it.,negative
This product exceeded my expectations. I would recommend it to others.,positive
Great value for money. It was a good experience.,positive
I am unhappy with the quality. I regret the purchase.,negative
This product exceeded my expectations. It was a good experience.,positive
"The delivery was late and frustrating. Overall, I am disappointed.",negative
The quality is much worse than expected. It worked worse than expected.,negative
The product feels cheap and poorly made. The whole process was difficult.,negative
I am extremely satisfied with the quality.,positive
The product is difficult to use and unreliable. I regret the purchase.,negative
The packaging was damaged when it arrived. It worked worse than expected.,negative
This was a very bad purchase.,negative
"The product is difficult to use and unreliable. Overall, I am disappointed.",negative
The item stopped working after a few days.,negative
I am unhappy with the quality. I regret the purchase.,negative
The product quality is excellent. I am happy with the result.,positive
"The item looks completely different from the pictures. Overall, I am disappointed.",negative
The seller was unhelpful and rude. The service was also poor.,negative
"The item looks exactly like the pictures. Overall, I am satisfied.",positive
"The product quality is excellent. Overall, I am satisfied.",positive
This product did not meet my expectations. I am unhappy with the result.,negative
I hate this product and regret buying it. The whole process was difficult.,negative
The item looks completely different from the pictures. I regret the purchase.,negative
This was a very bad purchase.,negative
This product is useful and works very well. I would buy it again.,positive
Very happy with my purchase. I was pleasantly surprised.,positive
The packaging was damaged when it arrived. It was a frustrating experience.,negative
This product did not meet my expectations. I would not recommend it to others.,negative
The product feels durable and well made.,positive
This product exceeded my expectations. I would recommend it to others.,positive
The quality is much better than I expected. I would buy it again.,positive
This product did not meet my expectations. I am unhappy with the result.,negative
The service was professional and helpful. I would buy it again.,positive
Very bad experience from start to finish. The whole process was difficult.,negative
Very good experience from start to finish. The whole process was smooth.,positive
The packaging was neat and secure. I would buy it again.,positive
Very happy with my purchase. The service was also good.,positive
I love this product and would buy it again.,positive
"The item looks exactly like the pictures. Overall, I am satisfied.",positive
This was a very bad purchase. The whole process was difficult.,negative
The seller was friendly and helpful. I was pleasantly surprised.,positive
The seller was friendly and helpful. I was pleasantly surprised.,positive
Excellent customer service and quick response. I was pleasantly surprised.,positive
"The product works perfectly. Overall, I am satisfied.",positive
Very bad experience from start to finish.,negative
The service was professional and helpful. I would buy it again.,positive
I am extremely satisfied with the quality. The whole process was smooth.,positive
This product is useful and works very well. It worked better than expected.,positive
The service was professional and helpful. It worked better than expected.,positive
This is a great product for the price. It was a good experience.,positive
The delivery was fast and the product arrived safely. It worked better than expected.,positive
This product is not worth the money. I am unhappy with the result.,negative
I would not recommend this product. I would not buy it again.,negative
This product is useless and does not work properly. It was a frustrating experience.,negative
The packaging was damaged when it arrived. It was a frustrating experience.,negative
This is a great product for the price. I would recommend it to others.,positive
Everything arrived on time and in perfect condition. I would recommend it to others.,positive
"The product quality is terrible. Overall, I am disappointed.",negative
I am happy with the fast delivery. I am happy with the result.,positive
The quality is much better than I expected. It worked better than expected.,positive
"The product is difficult to use and unreliable. Overall, I am disappointed.",negative
I am very disappointed with my purchase. I would not buy it again.,negative
"The product is difficult to use and unreliable. Overall, I am disappointed.",negative
I am very disappointed with my purchase. The service was also poor.,negative
This was a very bad purchase.,negative
I am disappointed with the performance. The service was also poor.,negative
This product is a waste of money. I am unhappy with the result.,negative
The service was slow and unhelpful. It worked worse than expected.,negative
Great value for money. I would recommend it to others.,positive
The item stopped working after a few days. The whole process was difficult.,negative
This was a very bad purchase. The whole process was difficult.,negative
This is a great product for the price. It was a good experience.,positive
Excellent customer service and quick response. I was pleasantly surprised.,positive
I am very disappointed with my purchase. The service was also poor.,negative
The seller was friendly and helpful. I was pleasantly surprised.,positive
"The delivery was late and frustrating. Overall, I am disappointed.",negative
This was a very good purchase.,positive
I am extremely satisfied with the quality.,positive
My order arrived damaged and incomplete. I am unhappy with the result.,negative
I would not recommend this product. I would not buy it again.,negative
The delivery was extremely late. It worked worse than expected.,negative
"I am unhappy with the quality. Overall, I am disappointed.",negative
The seller was unhelpful and rude. I would not buy it again.,negative
I would not recommend this product. I would not buy it again.,negative
I had a terrible shopping experience. I am unhappy with the result.,negative
"I am unhappy with the quality. Overall, I am disappointed.",negative
The seller was unhelpful and rude. The service was also poor.,negative
The item looks exactly like the pictures. I am happy with the result.,positive
I love this product and would buy it again. The whole process was smooth.,positive
The quality is much worse than expected. It worked worse than expected.,negative
This was a very good purchase. The whole process was smooth.,positive
I had a wonderful shopping experience. I would recommend it to others.,positive
The packaging was damaged when it arrived. It was a frustrating experience.,negative
Great value for money. I would recommend it to others.,positive
The seller was unhelpful and rude. I would not buy it again.,negative
Customer service was terrible and unhelpful. I would not buy it again.,negative
The product works perfectly. I am happy with the result.,positive
"The product quality is terrible. Overall, I am disappointed.",negative
This is a great product for the price. I would recommend it to others.,positive
"I am unhappy with the quality. Overall, I am disappointed.",negative
Excellent customer service and quick response. I was pleasantly surprised.,positive
I would definitely recommend this product. The service was also good.,positive
This product is useless and does not work properly. It was a frustrating experience.,negative
Very bad experience from start to finish. The whole process was difficult.,negative
I love this product and would buy it again. The whole process was smooth.,positive
My order arrived damaged and incomplete. I am unhappy with the result.,negative
"I am unhappy with the quality. Overall, I am disappointed.",negative
The seller was friendly and helpful. The service was also good.,positive
I would definitely recommend this product. The service was also good.,positive
I am impressed with the performance. The service was also good.,positive
I am impressed with the performance. I was pleasantly surprised.,positive
The product feels durable and well made.,positive
The product quality is excellent. I am happy with the result.,positive
The product feels cheap and poorly made.,negative
The delivery was fast and the product arrived safely. I would buy it again.,positive
"The product works perfectly. Overall, I am satisfied.",positive
Very happy with my purchase. The service was also good.,positive
I am disappointed with the performance. The service was also poor.,negative
The delivery was fast and the product arrived safely. I would buy it again.,positive
The product quality is excellent. I am happy with the result.,positive
This product is a waste of money. I would not recommend it to others.,negative
"The product works perfectly. Overall, I am satisfied.",positive
The quality is much better than I expected. I would buy it again.,positive
The product feels cheap and poorly made.,negative
"The delivery was late and frustrating. Overall, I am disappointed.",negative
This was a very good purchase.,positive
Excellent customer service and quick response. The service was also good.,positive
I am impressed with the performance. I was pleasantly surprised.,positive
I had a wonderful shopping experience. It was a good experience.,positive
I am impressed with the performance. The service was also good.,positive
This was a very bad purchase. The whole process was difficult.,negative
The product is easy to use and reliable. I am happy with the result.,positive
The packaging was neat and secure. It worked better than expected.,positive
This product is a waste of money. I would not recommend it to others.,negative
Great value for money. It was a good experience.,positive
The delivery was extremely late. It was a frustrating experience.,negative
The product is difficult to use and unreliable. I regret the purchase.,negative
This product is useful and works very well. I would buy it again.,positive
The seller was friendly and helpful. I was pleasantly surprised.,positive
"The item looks completely different from the pictures. Overall, I am disappointed.",negative
The product quality is terrible. I regret the purchase.,negative
I am extremely satisfied with the quality. The whole process was smooth.,positive
The product is easy to use and reliable. I am happy with the result.,positive
The product feels durable and well made. The whole process was smooth.,positive
The product is easy to use and reliable. I am happy with the result.,positive
I would not recommend this product. I would not buy it again.,negative
Customer service was terrible and unhelpful. The service was also poor.,negative
The delivery was fast and the product arrived safely. I would buy it again.,positive
The service was professional and helpful. It worked better than expected.,positive
The item stopped working after a few days. The whole process was difficult.,negative
Very good experience from start to finish.,positive
Very good experience from start to finish.,positive
The service was slow and unhelpful. It worked worse than expected.,negative
The delivery was extremely late. It worked worse than expected.,negative
This is a great product for the price. I would recommend it to others.,positive
I would not recommend this product. The service was also poor.,negative
"The delivery was late and frustrating. Overall, I am disappointed.",negative
The product quality is excellent. I am happy with the result.,positive
Excellent customer service and quick response. The service was also good.,positive
The delivery was extremely late. It was a frustrating experience.,negative
The packaging was neat and secure. It worked better than expected.,positive
I would definitely recommend this product. The service was also good.,positive
Excellent customer service and quick response. The service was also good.,positive
My order arrived damaged and incomplete. I would not recommend it to others.,negative
The service was professional and helpful. It worked better than expected.,positive
Everything arrived on time and in perfect condition. It was a good experience.,positive
I love this product and would buy it again. The whole process was smooth.,positive
This product is useless and does not work properly. It was a frustrating experience.,negative
"The product works perfectly. Overall, I am satisfied.",positive
Great value for money. It was a good experience.,positive
This product is not worth the money. I would not recommend it to others.,negative
This was a very bad purchase.,negative
The product feels durable and well made. The whole process was smooth.,positive
This product is a waste of money. I am unhappy with the result.,negative
I hate this product and regret buying it. The whole process was difficult.,negative
This product is a waste of money. I am unhappy with the result.,negative
"The product is easy to use and reliable. Overall, I am satisfied.",positive
This was a very bad purchase. The whole process was difficult.,negative
I am impressed with the performance. The service was also good.,positive
Very good experience from start to finish.,positive
The service was professional and helpful. It worked better than expected.,positive
The service was slow and unhelpful. It was a frustrating experience.,negative
I hate this product and regret buying it. The whole process was difficult.,negative
I hate this product and regret buying it.,negative
The seller was unhelpful and rude. I would not buy it again.,negative
This product exceeded my expectations. I would recommend it to others.,positive
This product is useful and works very well. It worked better than expected.,positive
The product feels durable and well made. The whole process was smooth.,positive
I am impressed with the performance. I was pleasantly surprised.,positive
Very happy with my purchase. I was pleasantly surprised.,positive
I am disappointed with the performance. The service was also poor.,negative
I am disappointed with the performance. The service was also poor.,negative
The packaging was neat and secure. I would buy it again.,positive
The product feels durable and well made. The whole process was smooth.,positive
This was a very good purchase. The whole process was smooth.,positive
The quality is much better than I expected. I would buy it again.,positive
I had a wonderful shopping experience. I would recommend it to others.,positive
The delivery was fast and the product arrived safely. It worked better than expected.,positive
I had a wonderful shopping experience. It was a good experience.,positive
The delivery was extremely late. It worked worse than expected.,negative
The packaging was damaged when it arrived. It worked worse than expected.,negative
I hate this product and regret buying it.,negative
Great value for money. I would recommend it to others.,positive
Very bad experience from start to finish.,negative
I had a terrible shopping experience. I would not recommend it to others.,negative
The item stopped working after a few days. The whole process was difficult.,negative
This product is a waste of money. I am unhappy with the result.,negative
I had a terrible shopping experience. I would not recommend it to others.,negative
I love this product and would buy it again. The whole process was smooth.,positive
The delivery was extremely late. It was a frustrating experience.,negative
This product exceeded my expectations. It was a good experience.,positive
Customer service was terrible and unhelpful. I would not buy it again.,negative
I had a terrible shopping experience. I am unhappy with the result.,negative
The item looks exactly like the pictures. I am happy with the result.,positive
I am happy with the fast delivery. I am happy with the result.,positive
Everything arrived on time and in perfect condition. I would recommend it to others.,positive
My order arrived damaged and incomplete. I am unhappy with the result.,negative
Great value for money. It was a good experience.,positive
My order arrived damaged and incomplete. I would not recommend it to others.,negative
The item looks completely different from the pictures. I regret the purchase.,negative
This product exceeded my expectations. I would recommend it to others.,positive
"The item looks exactly like the pictures. Overall, I am satisfied.",positive
Everything arrived on time and in perfect condition. I would recommend it to others.,positive
The item looks completely different from the pictures. I regret the purchase.,negative
The product works perfectly. I am happy with the result.,positive
Very bad experience from start to finish.,negative
The delivery was late and frustrating. I regret the purchase.,negative
The quality is much worse than expected. It worked worse than expected.,negative
The packaging was neat and secure. It worked better than expected.,positive
I love this product and would buy it again.,positive
Very happy with my purchase. The service was also good.,positive
The service was slow and unhelpful. It was a frustrating experience.,negative
This product exceeded my expectations. It was a good experience.,positive
I had a terrible shopping experience. I would not recommend it to others.,negative
Very good experience from start to finish.,positive
The item stopped working after a few days.,negative
The delivery was fast and the product arrived safely. I would buy it again.,positive
"The product works perfectly. Overall, I am satisfied.",positive
The quality is much better than I expected. It worked better than expected.,positive
My order arrived damaged and incomplete. I am unhappy with the result.,negative
I am impressed with the performance. The service was also good.,positive
This product is not worth the money. I would not recommend it to others.,negative
The delivery was late and frustrating. I regret the purchase.,negative
I had a terrible shopping experience. I am unhappy with the result.,negative
This product is useful and works very well. It worked better than expected.,positive
The seller was unhelpful and rude. The service was also poor.,negative
The product is difficult to use and unreliable. I regret the purchase.,negative
I am happy with the fast delivery. I am happy with the result.,positive
I am disappointed with the performance. I would not buy it again.,negative
The seller was friendly and helpful. The service was also good.,positive
The seller was unhelpful and rude. The service was also poor.,negative
I would not recommend this product. The service was also poor.,negative
This product is useful and works very well. I would buy it again.,positive
The service was slow and unhelpful. It worked worse than expected.,negative
I am happy with the fast delivery. I am happy with the result.,positive
The service was professional and helpful. I would buy it again.,positive
Everything arrived on time and in perfect condition. I would recommend it to others.,positive
I am disappointed with the performance. I would not buy it again.,negative
The seller was friendly and helpful. The service was also good.,positive
Customer service was terrible and unhelpful. The service was also poor.,negative
The seller was friendly and helpful. I was pleasantly surprised.,positive
The packaging was neat and secure. I would buy it again.,positive
Very happy with my purchase. I was pleasantly surprised.,positive
I am happy with the fast delivery. I am happy with the result.,positive
The item stopped working after a few days. The whole process was difficult.,negative
This product is useless and does not work properly. It worked worse than expected.,negative
"The product quality is terrible. Overall, I am disappointed.",negative
The item looks completely different from the pictures. I regret the purchase.,negative
The product feels cheap and poorly made. The whole process was difficult.,negative
This product did not meet my expectations. I am unhappy with the result.,negative
I love this product and would buy it again. The whole process was smooth.,positive
I am very disappointed with my purchase. I would not buy it again.,negative
This product is useful and works very well. I would buy it again.,positive
The service was slow and unhelpful. It worked worse than expected.,negative
Great value for money. I would recommend it to others.,positive
This is a great product for the price. I would recommend it to others.,positive
The product feels cheap and poorly made.,negative
My order arrived damaged and incomplete. I would not recommend it to others.,negative
This product is not worth the money. I am unhappy with the result.,negative
The product quality is terrible. I regret the purchase.,negative
"The product is difficult to use and unreliable. Overall, I am disappointed.",negative
The item stopped working after a few days. The whole process was difficult.,negative
This product is not worth the money. I am unhappy with the result.,negative
The delivery was late and frustrating. I regret the purchase.,negative
This was a very bad purchase.,negative
I would definitely recommend this product. I was pleasantly surprised.,positive
This is a great product for the price. I would recommend it to others.,positive
Customer service was terrible and unhelpful. The service was also poor.,negative
Customer service was terrible and unhelpful. I would not buy it again.,negative
I would not recommend this product. The service was also poor.,negative
"I am unhappy with the quality. Overall, I am disappointed.",negative
The seller was unhelpful and rude. I would not buy it again.,negative
The packaging was neat and secure. I would buy it again.,positive
"The item looks completely different from the pictures. Overall, I am disappointed.",negative
Everything arrived on time and in perfect condition. It was a good experience.,positive
The item looks exactly like the pictures. I am happy with the result.,positive
The seller was friendly and helpful. The service was also good.,positive
The packaging was damaged when it arrived. It worked worse than expected.,negative
Excellent customer service and quick response. I was pleasantly surprised.,positive
This was a very good purchase. The whole process was smooth.,positive
The product feels durable and well made.,positive
I had a terrible shopping experience. I would not recommend it to others.,negative
I had a wonderful shopping experience. It was a good experience.,positive
I am very disappointed with my purchase. I would not buy it again.,negative
The seller was unhelpful and rude. The service was also poor.,negative
Very happy with my purchase. The service was also good.,positive
Very bad experience from start to finish. The whole process was difficult.,negative
"The item looks completely different from the pictures. Overall, I am disappointed.",negative
Excellent customer service and quick response. The service was also good.,positive
The product feels cheap and poorly made.,negative
I hate this product and regret buying it. The whole process was difficult.,negative
The packaging was neat and secure. I would buy it again.,positive
I am very disappointed with my purchase. I would not buy it again.,negative
Great value for money. It was a good experience.,positive
Very bad experience from start to finish.,negative
This was a very good purchase. The whole process was smooth.,positive
The packaging was damaged when it arrived. It was a frustrating experience.,negative
Very good experience from start to finish. The whole process was smooth.,positive
I am impressed with the performance. I was pleasantly surprised.,positive
The item looks exactly like the pictures. I am happy with the result.,positive
The packaging was damaged when it arrived. It was a frustrating experience.,negative
This product exceeded my expectations. I would recommend it to others.,positive
I would definitely recommend this product. I was pleasantly surprised.,positive
Very good experience from start to finish. The whole process was smooth.,positive
The delivery was fast and the product arrived safely. It worked better than expected.,positive
The product feels durable and well made.,positive
I am impressed with the performance. I was pleasantly surprised.,positive
This product is useless and does not work properly. It worked worse than expected.,negative
I am disappointed with the performance. I would not buy it again.,negative
"I am happy with the fast delivery. Overall, I am satisfied.",positive
The product feels durable and well made. The whole process was smooth.,positive
"The product quality is excellent. Overall, I am satisfied.",positive
This was a very good purchase.,positive
This product did not meet my expectations. I am unhappy with the result.,negative
The delivery was extremely late. It worked worse than expected.,negative
The delivery was fast and the product arrived safely. It worked better than expected.,positive
"The product is easy to use and reliable. Overall, I am satisfied.",positive
This product is useless and does not work properly. It worked worse than expected.,negative
"The delivery was late and frustrating. Overall, I am disappointed.",negative
The product works perfectly. I am happy with the result.,positive
Customer service was terrible and unhelpful. I would not buy it again.,negative
This product is a waste of money. I am unhappy with the result.,negative
I would not recommend this product. I would not buy it again.,negative
This is a great product for the price. It was a good experience.,positive
I am unhappy with the quality. I regret the purchase.,negative
This product is useless and does not work properly. It worked worse than expected.,negative
I love this product and would buy it again.,positive
The product quality is excellent. I am happy with the result.,positive
This product is a waste of money. I would not recommend it to others.,negative
The quality is much better than I expected. I would buy it again.,positive
"I am happy with the fast delivery. Overall, I am satisfied.",positive
This product is useful and works very well. It worked better than expected.,positive
I am disappointed with the performance. I would not buy it again.,negative
This was a very good purchase. The whole process was smooth.,positive
"The item looks exactly like the pictures. Overall, I am satisfied.",positive
The seller was friendly and helpful. The service was also good.,positive
Excellent customer service and quick response. I was pleasantly surprised.,positive
I am disappointed with the performance. The service was also poor.,negative
I am very disappointed with my purchase. The service was also poor.,negative
I love this product and would buy it again.,positive
The delivery was late and frustrating. I regret the purchase.,negative
Very happy with my purchase. The service was also good.,positive
I had a terrible shopping experience. I am unhappy with the result.,negative
I am extremely satisfied with the quality.,positive
Very bad experience from start to finish.,negative
The quality is much worse than expected. It worked worse than expected.,negative
I would definitely recommend this product. I was pleasantly surprised.,positive
I hate this product and regret buying it. The whole process was difficult.,negative
The quality is much better than I expected. It worked better than expected.,positive
I would definitely recommend this product. I was pleasantly surprised.,positive
Very good experience from start to finish. The whole process was smooth.,positive
The delivery was fast and the product arrived safely. It worked better than expected.,positive
The product quality is terrible. I regret the purchase.,negative
The packaging was neat and secure. It worked better than expected.,positive
The product quality is terrible. I regret the purchase.,negative
The quality is much worse than expected. It was a frustrating experience.,negative
Everything arrived on time and in perfect condition. It was a good experience.,positive
I hate this product and regret buying it.,negative
Everything arrived on time and in perfect condition. It was a good experience.,positive
The product works perfectly. I am happy with the result.,positive
This was a very good purchase.,positive
This product is a waste of money. I would not recommend it to others.,negative
The service was slow and unhelpful. It worked worse than expected.,negative
The delivery was extremely late. It was a frustrating experience.,negative
The product is easy to use and reliable. I am happy with the result.,positive
This product is a waste of money. I would not recommend it to others.,negative
This product did not meet my expectations. I am unhappy with the result.,negative
The item stopped working after a few days.,negative
I would not recommend this product. The service was also poor.,negative
The item looks exactly like the pictures. I am happy with the result.,positive
Excellent customer service and quick response. The service was also good.,positive
I would definitely recommend this product. I was pleasantly surprised.,positive
The product feels cheap and poorly made. The whole process was difficult.,negative
Customer service was terrible and unhelpful. The service was also poor.,negative
"The product quality is terrible. Overall, I am disappointed.",negative
The quality is much worse than expected. It worked worse than expected.,negative
The item looks completely different from the pictures. I regret the purchase.,negative
The delivery was extremely late. It was a frustrating experience.,negative
I hate this product and regret buying it.,negative
This product is not worth the money. I would not recommend it to others.,negative
"The product quality is excellent. Overall, I am satisfied.",positive
"The item looks exactly like the pictures. Overall, I am satisfied.",positive
The service was professional and helpful. I would buy it again.,positive
I am impressed with the performance. The service was also good.,positive
"The product quality is terrible. Overall, I am disappointed.",negative
This was a very good purchase.,positive
This product did not meet my expectations. I would not recommend it to others.,negative
This product did not meet my expectations. I would not recommend it to others.,negative
I am extremely satisfied with the quality. The whole process was smooth.,positive
The delivery was fast and the product arrived safely. I would buy it again.,positive
My order arrived damaged and incomplete. I would not recommend it to others.,negative
"The product quality is excellent. Overall, I am satisfied.",positive
"The product is difficult to use and unreliable. Overall, I am disappointed.",negative
Customer service was terrible and unhelpful. I would not buy it again.,negative
I had a wonderful shopping experience. I would recommend it to others.,positive
This product is not worth the money. I would not recommend it to others.,negative
I am extremely satisfied with the quality.,positive
I am extremely satisfied with the quality. The whole process was smooth.,positive
This product exceeded my expectations. It was a good experience.,positive
The quality is much worse than expected. It was a frustrating experience.,negative
I am very disappointed with my purchase. The service was also poor.,negative
The product is difficult to use and unreliable. I regret the purchase.,negative
"The product is easy to use and reliable. Overall, I am satisfied.",positive
My order arrived damaged and incomplete. I would not recommend it to others.,negative
This product is useless and does not work properly. It was a frustrating experience.,negative
Very happy with my purchase. I was pleasantly surprised.,positive
The product feels cheap and poorly made. The whole process was difficult.,negative
My order arrived damaged and incomplete. I am unhappy with the result.,negative
"The product is easy to use and reliable. Overall, I am satisfied.",positive
The quality is much better than I expected. I would buy it again.,positive
This was a very bad purchase. The whole process was difficult.,negative
The quality is much better than I expected. It worked better than expected.,positive
I would not recommend this product. The service was also poor.,negative
This product is useless and does not work properly. It was a frustrating experience.,negative
The product is easy to use and reliable. I am happy with the result.,positive
The delivery was extremely late. It worked worse than expected.,negative
I am disappointed with the performance. I would not buy it again.,negative
This product exceeded my expectations. It was a good experience.,positive
I am unhappy with the quality. I regret the purchase.,negative
The item stopped working after a few days.,negative
This product is not worth the money. I would not recommend it to others.,negative
The service was professional and helpful. I would buy it again.,positive
This is a great product for the price. It was a good experience.,positive
The quality is much worse than expected. It was a frustrating experience.,negative
I love this product and would buy it again.,positive
I am unhappy with the quality. I regret the purchase.,negative
I had a wonderful shopping experience. It was a good experience.,positive
The product feels cheap and poorly made. The whole process was difficult.,negative
Everything arrived on time and in perfect condition. I would recommend it to others.,positive
The delivery was late and frustrating. I regret the purchase.,negative
I would definitely recommend this product. The service was also good.,positive
Great value for money. I would recommend it to others.,positive
The packaging was neat and secure. It worked better than expected.,positive
This product is useful and works very well. It worked better than expected.,positive
This product is not worth the money. I am unhappy with the result.,negative
Very good experience from start to finish. The whole process was smooth.,positive
I am very disappointed with my purchase. I would not buy it again.,negative
"I am happy with the fast delivery. Overall, I am satisfied.",positive
The quality is much worse than expected. It was a frustrating experience.,negative
This product did not meet my expectations. I would not recommend it to others.,negative
Very good experience from start to finish.,positive
The product quality is terrible. I regret the purchase.,negative
The service was slow and unhelpful. It was a frustrating experience.,negative
"The product is easy to use and reliable. Overall, I am satisfied.",positive
Very bad experience from start to finish. The whole process was difficult.,negative
The service was slow and unhelpful. It was a frustrating experience.,negative
The quality is much worse than expected. It was a frustrating experience.,negative
The service was slow and unhelpful. It was a frustrating experience.,negative
Customer service was terrible and unhelpful. The service was also poor.,negative
The packaging was damaged when it arrived. It worked worse than expected.,negative
I had a wonderful shopping experience. I would recommend it to others.,positive
I am extremely satisfied with the quality.,positive
"The product quality is excellent. Overall, I am satisfied.",positive
This product did not meet my expectations. I would not recommend it to others.,negative
I had a wonderful shopping experience. I would recommend it to others.,positive
The seller was unhelpful and rude. I would not buy it again.,negative
I would definitely recommend this product. The service was also good.,positive
The packaging was damaged when it arrived. It worked worse than expected.,negative
The item stopped working after a few days.,negative
Everything arrived on time and in perfect condition. It was a good experience.,positive
The product is difficult to use and unreliable. I regret the purchase.,negative
"I am happy with the fast delivery. Overall, I am satisfied.",positive
I had a terrible shopping experience. I would not recommend it to others.,negative
The product feels durable and well made.,positive
The quality is much better than I expected. It worked better than expected.,positive
"I am happy with the fast delivery. Overall, I am satisfied.",positive
The product works perfectly. I am happy with the result.,positive
The product feels cheap and poorly made.,negative
This product is useless and does not work properly. It worked worse than expected.,negative
Very bad experience from start to finish. The whole process was difficult.,negative
Very happy with my purchase. I was pleasantly surprised.,positive
